<?xml version="1.0" encoding="UTF-8"?>
<project-private xmlns="http://www.netbeans.org/ns/project-private/1">
    <editor-bookmarks xmlns="http://www.netbeans.org/ns/editor-bookmarks/2" lastBookmarkId="1">
        <file>
            <url>src/edu/slu/cs311b/Viewer.java</url>
            <bookmark id="1">
                <name/>
                <line>184</line>
                <key/>
            </bookmark>
        </file>
    </editor-bookmarks>
    <open-files xmlns="http://www.netbeans.org/ns/projectui-open-files/2">
        <group>
            <file>file:/C:/Users/dell/Desktop/compilerdesign/eto%20yung%20bagong%20dawnlod/program.txt</file>
            <file>file:/C:/Users/dell/Desktop/compilerdesign/eto%20yung%20bagong%20dawnlod/token-lexeme.txt</file>
        </group>
    </open-files>
</project-private>
